Title,Price,Keywords
103.95 in. W Square Arm Velvet Straight 3-Seater Free Combination Sofa in Orange,$1264.04,"Take, good, look"
10 ft. L x 25 in. D Unfinished Hevea Butcher Block Countertop in With Standard Edge,$329.00,"Bay, block, Complement"
Outdoor 6 ft. Height Happy Thanksgiving LED Lighted Inflatable Turkey Family,$85.99,"Which, best, Thanksgiving"
48 in. - 86 in. Adjustable 5/8 in. Room Darkening Wrap Around Single Curtain Rod in Black,$24.64,"The, Eclipse, 1"
Linen Jacquard Thermal Blackout Curtain - 50 in. W x 84 in. L,$24.13,"The, Zenna, Home"
Folding Bath Bench,$34.79,"This, deluxe, Folding"
Manor Oaks Aluminum Commercial 4-Piece Seating Set with Loveseat with Sunbrella Cast Ash Gray Cushions,$1563.12,"Relax, enjoy, outdoors"
0.5 oz. Silicone Faucet Grease,$41.23,"t-shirt, favorite, Featuring"
Jersey Knit Cotton Blend 4-Piece King Sheet Set in Charcoal Heather,$14.97,"Drill, 1/16, 3/8"
"6'X8' PT SPF 4"" Pressure-Treated Spruce Moulded Stockade Fence Panel",$24.97,"(1), USB, Lithium"
Titanium Drill Bit Kit (22-Piece),$11.57,"RYOBI, introduces, 5-Piece"
USB Lithium Screwdriver Kit,$3.68,"RYOBI, introduces, 5/8"
Spiral Screw Extractor Set (5-Piece),$169.00,"Universal, Table, RYOBI"
5/8 in. Black Metal Chuck Key with 5/16 in. Pilot,$179.00,"Universal, Miter, Saw"
Universal Router Table,$32.97,"Roundover, Router, Bit"
Universal Miter Saw QUICKSTAND,$159.00,"ONE+, RYOBI, HIGH"
Roundover Router Bit Set (4-Piece),$576.00,"(2), RYOBI, ONE+"
ONE+ 18V HIGH PERFORMANCE Lithium-Ion 4.0 Ah Battery and Charger Starter Kit,$9.98,"revolutionizing, industry,, enabling"
ONE+ 18V HIGH PERFORMANCE Lithium-Ion (2) 4.0 Ah and (2) 6.0 Ah Batteries with (2) 4.0 Ah Lithium-Ion Batteries,$7.98,"revolutionizing, industry,, enabling"
LINK Double Organizer Bin,$29.30,"12, We, Bucket"
LINK Single Organizer Bin,$89.00,"RYOBI, ONE+, HP"
Black Fine Point Permanent Workshop Marker (6-Pack),$17.30,"Bucket, legacy, began"
Black Fine Point Permanent Workshop Marker (12-Pack),$15.97,"11, Flexible, Shaft"
12 in. Open Top Tool Tote Bag,$119.00,"RYOBI, ONE+, 3/8"
"ONE+ HP 18V Brushless Cordless Compact 1/2 in. Drill/Driver Kit with (2) 1.5 Ah Batteries, Charger and Bag",$89.00,"RYOBI, ONE+, 18V"
10 in. 5-Pocket Handyman's Holster Tool Pouch,$39.97,"Modular, Storage, System"
11 in. Flexible Shaft Bit Holder,$27.97,"The, Modular, Storage"
ONE+ HP 18V Brushless Cordless Compact 3/8 in. Right Angle Drill (Tool Only),$199.00,"RYOBI, 18V, ONE+"
"ONE+ HP 18V Brushless Cordless Compact 1/4 in. Impact Driver Kit with (2) 1.5 Ah Batteries, Charger and Bag",$119.82,"Box, Storage, Tool"
LINK Wall Rails (4-Pack),$235.82,"RYOBI, Hammer, 18V"
LINK Double Hook (4-Pack),$109.99,"x, Wall, The"
"ONE+ HP 18V Brushless Cordless Drill/Driver &amp; Impact Driver Kit w/Batteries, Charger, and Bag w/LINK Standard Tool Box",$139.99,"Add, storage, garage"
LINK Tool Box Foam Insert (6-Pack),$139.99,"Use, Husky, wall"
"ONE+ HP 18V Brushless Cordless 1/2 in. Hammer Drill Kit with Battery, Charger, and Bag, with LINK Standard Tool Box",$174.99,"x, Easily, install"
Wood 2-Shelf Wall Mounted Garage Cabinet in White (24 in W x 24 in H x 12 in D),$99.00,"RYOBI, Storage, Cabinet"
Ready-to-Assemble 24-Gauge Steel Wall Mounted Garage Cabinet in Black (28 in. W x 29 in. H x 12 in. D),$139.00,"ONE+, RYOBI, HIGH"
Ready-to-Assemble 24-Gauge Steel Wall Mounted Garage Cabinet in Red (28 in. W x 29 in. H x 12 in. D),$99.97,"18V, RYOBI, Ah"
Regular Duty Welded 24-Gauge Steel Wall Mounted Garage Cabinet in Black (24 in. W x 18 in. H x 12 in. D),$158.00,"Ah, Kit, 18V"
Steel 3-Shelf Wall Mounted Garage Cabinet in Platinum (17 in W x 11 in H x 19 in D),$169.00,"18V, ONE+, (1)"
ONE+ 18V High Performance Lithium-Ion 2.0 Ah Compact Battery (2-Pack),$129.00,"18V, RYOBI, ONE+"
"ONE+ 18V Cordless 1/2 in. Drill/Driver and Impact Driver Combo Kit with (1) 1.5 Ah Battery, Charger",$19.98,"captures, function, style"
"ONE+ 18V Cordless 4-Tool Combo Kit w/(2) Batteries, Charger &amp; Bag w/Bonus Impact Rated Driving Kit (70-Piece)",$121.95,"LED, Luxrite, Up"
"ONE+ 18V Cordless 5-Tool Combo Kit with (2) 1.5 Ah Batteries, Charger, and Tool Bag",$299.70,"5-Year, -, This"
ONE+ 18V Lithium-Ion Cordless Combo Kit (3-Tool) with (1) 1.5 Ah Battery and Charger,$61.58,"This, VEVOR, 5-pieces"
1/8 in. x 4 ft. x 8 ft. Eucalyptus White Hardboard,$94.30,"At, nuLOOM, strive"
Form Toilet Paper Holder in Chrome,$247.29,"Adopting, simple, lines"
"4.75 in. Black LED Up and Down Vanity Light 3 Color Selectable 15-Watt, 1000 Lumens, ETL Listed, Wet Rated (2-Pack)",$709.00,"This, It, Add"
Step One Pure White Queen Platform Bed with Storage,$86.91,"Oasis, Shower, System"
Belle 10 in. Dia. Strawberry Red Plastic Planter with Attached Saucer,$151.00,"The, BEHR, Masonry,"
Lauren Brass Gold 13.25 in. Metal/Glass LED Flushmount,$112.64,"simple,, streamlined, that's"
Steel Lawn Edging 5-Pieces Metal Landscape Edging 4 in. x 39 in Garden Edging Border Steel Landscape Border,$329.00,"Crafted, premium, 18-Gauge"
Davidson Gray 5 ft. x 8 ft. Machine Washable Abstract Tribal Indoor Area Rug,$159.18,"With, clean, lines"
"Hydraulic Barber Chair, Heavy-Duty Styling Chair with 360 Degree Rotation for Barber Shop, Beauty Salon, Spa, Black",$192.00,"A, perfect, blend"
Covington Geranium Navy-Multi 8 ft. x 11 ft. Indoor/Outdoor Area Rug,$439.00,"The, Elmbrook, 60"
6-spray 7 in. Dual Shower Head and Handheld Shower Head with Low Flow in Brushed-Nickel,$222.72,"A, perfect, blend"
"5 gal. #MS-82 Cobblestone Grey Satin Interior/Exterior Masonry, Stucco and Brick Paint",$169.00,"The, Darcy, Widespread"
Caxton 20-5/16 in. Undermount Rectangular Bathroom Sink with Overflow and Clamp Assembly in White,$34.98,"The, Bath, Collections"
Ballad Undermount Stainless Steel 32 in. Double Bowl Kitchen Sink,$24.98,"The, Bath, Collections"
Elmbrook 8 in. Widespread 2-Handle Bathroom Faucet in Brushed Nickel,$27.98,"The, Bath, Collections"
Elmbrook 24 in. Pedestal Sink in White with 4 in. Centerset Faucet Holes,$64.97,"Hampton, Bay, Collection"
Elmbrook 60 in. Right Drain Rectangular Alcove Bathtub with Integral Apron in White,$28.98,"The, Bath, Collections"
Elmbrook 24 in. Pedestal Sink in White with 8 in. Widespread Faucet Holes,$135.38,"simple,, streamlined, that's"
Darcy 8 in. Widespread 2-Handle High-Arc Bathroom Faucet in Spot Resist Brushed Nickel,$236.96,"Reminiscent, bygone, era,"
Portwood 24 in. Towel Bar in SpotShield Brushed Nickel,$249.53,"Reminiscent, bygone, era,"
Portwood Towel Hook in SpotShield Brushed Nickel,$183.45,"Embrace, sophisticated, look"
Portwood Towel Ring in SpotShield Brushed Nickel,$183.98,"Embrace, sophisticated, look"
Andenne 4-Light Brushed Nickel Bathroom Vanity Light with Bell Shaped Marbleized Glass Shades,$199.00,"offers, timeless, appeal,"
"Decora 15 Amp Residential Grade Grounding Duplex Outlet, White (10-Pack)",$268.56,"With, unique,, oblong"
Portwood Pivoting Toilet Paper Holder in SpotShield Brushed Nickel,$62.00,"cooler, best, retention"
Caxton 16-1/4 in. Oval Vitreous China Undermount Bathroom Sink in White with Overflow Drain,$32.61,"The, Crestwood, Spruce"
Devonshire 16-7/8 in. Vitreous China Undermount Bathroom Sink in White with Overflow Drain,$169.00,"Get, ready, holidays"
Devonshire 18-1/8 in. Vitreous China Undermount Bathroom Sink in White with Overflow Drain,$99.00,"Finish, festive, decor"
Verticyl Undermount Bathroom Sink in White,$8.88,"8, ft, Outdoor"
Verticyl 19-13/16 in. Rectangle Undermount Bathroom Sink in White with Overflow Drain,$14.69,"GoGreen, Rugged, activities"
Archer 19-7/8 in. Rectangle Undermount Bathroom Sink in White with Overflow Drain,$29.22,"You're, holiday, pro"
Ladena 20-7/8 in. Undermount Bathroom Sink in White with Overflow Drain,$29.99,"The, When, wrap"
10 Gallon Seat Top Beverage Jug Cooler,$29.98,"Add, finishing, touch"
9 ft. Crestwood Spruce Garland with Clear Lights,$22.97,"power, The, HDX"
60 in Prelit Norwood Fir Wreath,$52.37,"This, season,, spend"
4.5 ft St Germain Potted Christmas Tree,$99.00,"Adorn, space, 45"
8 ft. 16/3 SJTW Tri-Source (Multi-Outlet) Yard Master Outdoor Extension Cord,$39.86,"When, want, capture"
"18 ft. 16/3 Heavy Duty Extension Cord, Green",$9.78,"The, Everbilt, 3-1/2"
"Ornament Storage Box with Dividers, Red/Green",$18.31,"privacy, Step, designer"
2-Tray Christmas Ornament Storage Box with Top Window (48 Ornaments),$248.00,"15, Lite, Illusions"
Large Upright Christmas Tree Storage Bag for Trees Up to 9 ft. Tall,$259.00,"15, Lite, Illusions"
26 in Hammered Steel Christmas Tree Collar,$289.00,"The, 28, x"
"40 ft. 16/3 Multi-Directional Outdoor Extension Cord, Green",$258.02,"The, square, straight"
"2 ft. Pre-Lit Small Pine Artificial Christmas Tree with 24 Warm White Lights, (Set of 2)",$288.00,"15, Part, Diamond"
